Arauz;7
Arauz;7
Arauz;7
Arauz;7
Arauz;7
Arauz;7
Arauz;7
Arauz;7
Lasso;7
Arauz;7
Arauz;7
Arauz;7
Arauz;7
Lasso;7
Lasso;7
Lasso;7
Lasso;7
Lasso;7
Lasso;7
Lasso;7
Lasso;7
Lasso;7
Lasso;7
Lasso;7
Lasso;7
Lasso;7
Lasso;7
Lasso;7
Lasso;7
Lasso;7
Nulo;7
Nulo;7
Nulo;7
Nulo;7
Nulo;7
Nulo;7
Nulo;7
Nulo;7
Nulo;7
Nulo;7
Nulo;7
Nulo;7
Nulo;7
Nulo;7
Nulo;7
Nulo;7
Nulo;7
Nulo;7
Nulo;7
Nulo;7
Nulo;7
Nulo;7
Nulo;7
Nulo;7
Nulo;7
Nulo;7
Nulo;7
Nulo;7
Nulo;7
Nulo;7
Nulo;7
Nulo;7
Nulo;7
Lasso;7
Blanco;7
Blanco;7
Blanco;7
Blanco;7
Blanco;7
Lasso;8
Lasso;9
Lasso;8
Lasso;9
Lasso;8
Lasso;9
Lasso;8
Lasso;9
Lasso;8
Lasso;9
Lasso;8
Lasso;9
Lasso;8
Lasso;9
Lasso;8
Lasso;9
Lasso;8
Lasso;9
Lasso;8
Lasso;9